{
  "target_position": [
    0.2,
    0.4,
    0.2
  ],
  "quaternion": [
    0,
    0,
    0,
    1
  ],
  "obstacle_sphere": [
    [
      -0.2,
      0,
      0,
      0.05
    ],
    [
      -0.2,
      0.1,
      0,
      0.05
    ],
    [
      -0.2,
      0.2,
      0,
      0.05
    ],
    [
      -0.2,
      0.30000000000000004,
      0,
      0.05
    ],
    [
      -0.2,
      0.4,
      0,
      0.05
    ],
    [
      -0.2,
      0.5,
      0,
      0.05
    ],
    [
      -0.1,
      0.5,
      0,
      0.05
    ],
    [
      0,
      0.5,
      0,
      0.05
    ],
    [
      0.1,
      0.5,
      0,
      0.05
    ],
    [
      0.2,
      0.5,
      0,
      0.05
    ],
    [
      0.30000000000000004,
      0.5,
      0,
      0.05
    ],
    [
      0.1,
      0.30000000000000004,
      0,
      0.05
    ],
    [
      0.1,
      0.2,
      0,
      0.05
    ],
    [
      0.1,
      0.1,
      0,
      0.05
    ],
    [
      -0.1,
      0.30000000000000004,
      0,
      0.05
    ],
    [
      -0.1,
      0.2,
      0,
      0.05
    ],
    [
      -0.1,
      0.1,
      0,
      0.05
    ],
    [
      -0.1,
      0,
      0,
      0.05
    ],
    [
      0.1,
      0,
      0,
      0.05
    ],
    [
      -0.1,
      0.4,
      0,
      0.05
    ],
    [
      0.2,
      0.30000000000000004,
      0,
      0.05
    ],
    [
      0.30000000000000004,
      0.30000000000000004,
      0,
      0.05
    ],
    [
      0.30000000000000004,
      0.4,
      0,
      0.05
    ],
    [
      0.2,
      0.2,
      0,
      0.05
    ],
    [
      0.2,
      0.1,
      0,
      0.05
    ],
    [
      0.2,
      0,
      0,
      0.05
    ],
    [
      0.30000000000000004,
      0,
      0,
      0.05
    ],
    [
      0.30000000000000004,
      0.1,
      0,
      0.05
    ],
    [
      0.30000000000000004,
      0.2,
      0,
      0.05
    ]
  ]
}