{
  "obstacle_1": {
    "type": "capsule",
    "position": [
      1.0,
      0.0,
      1.5
    ],
    "radius": 0.20000000298023224,
    "height": 3.0,
    "wxyz": [
      1.0,
      1.5407439555097887e-32,
      6.162975822039155e-33,
      6.162975822039155e-33
    ]
  },
  "obstacle_2": {
    "type": "capsule",
    "position": [
      -1.0,
      0.0,
      1.5
    ],
    "radius": 0.20000000298023224,
    "height": 3.0,
    "wxyz": [
      1.0,
      1.5407439555097887e-32,
      6.162975822039155e-33,
      6.162975822039155e-33
    ]
  }
}