{
    "obstacle_1": {
        "type": "sphere",
        "center": [
            0.5257311121191336,
            0.85065080835204,
            0.0
        ],
        "radius": 0.4
    },
    "obstacle_2": {
        "type": "sphere",
        "center": [
            -0.5257311121191336,
            0.85065080835204,
            0.0
        ],
        "radius": 0.4
    },
    "obstacle_3": {
        "type": "sphere",
        "center": [
            0.5257311121191336,
            -0.85065080835204,
            0.0
        ],
        "radius": 0.4
    },
    "obstacle_4": {
        "type": "sphere",
        "center": [
            -0.5257311121191336,
            -0.85065080835204,
            0.0
        ],
        "radius": 0.4
    },
    "obstacle_5": {
        "type": "sphere",
        "center": [
            0.0,
            0.5257311121191336,
            0.85065080835204
        ],
        "radius": 0.4
    },
    "obstacle_6": {
        "type": "sphere",
        "center": [
            0.0,
            -0.5257311121191336,
            0.85065080835204
        ],
        "radius": 0.4
    },
    "obstacle_7": {
        "type": "sphere",
        "center": [
            0.0,
            0.5257311121191336,
            -0.85065080835204
        ],
        "radius": 0.4
    },
    "obstacle_8": {
        "type": "sphere",
        "center": [
            0.0,
            -0.5257311121191336,
            -0.85065080835204
        ],
        "radius": 0.4
    },
    "obstacle_9": {
        "type": "sphere",
        "center": [
            0.85065080835204,
            0.0,
            0.5257311121191336
        ],
        "radius": 0.4
    },
    "obstacle_10": {
        "type": "sphere",
        "center": [
            -0.85065080835204,
            0.0,
            0.5257311121191336
        ],
        "radius": 0.4
    },
    "obstacle_11": {
        "type": "sphere",
        "center": [
            0.85065080835204,
            0.0,
            -0.5257311121191336
        ],
        "radius": 0.4
    },
    "obstacle_12": {
        "type": "sphere",
        "center": [
            -0.85065080835204,
            0.0,
            -0.5257311121191336
        ],
        "radius": 0.4
    }
}